-- phpMyAdmin SQL Dump
-- version 5.2.0
-- https://www.phpmyadmin.net/
--
-- Máy chủ: 127.0.0.1
-- Thời gian đã tạo: Th2 25, 2023 lúc 05:36 PM
-- Phiên bản máy phục vụ: 10.4.27-MariaDB
-- Phiên bản PHP: 7.4.33

SET SQL_MODE = "NO_AUTO_VALUE_ON_ZERO";
START TRANSACTION;
SET time_zone = "+00:00";


/*!40101 SET @OLD_CHARACTER_SET_CLIENT=@@CHARACTER_SET_CLIENT */;
/*!40101 SET @OLD_CHARACTER_SET_RESULTS=@@CHARACTER_SET_RESULTS */;
/*!40101 SET @OLD_COLLATION_CONNECTION=@@COLLATION_CONNECTION */;
/*!40101 SET NAMES utf8mb4 */;

--
-- Cơ sở dữ liệu: `dienthoai`
--

-- --------------------------------------------------------

--
-- Cấu trúc bảng cho bảng `category`
--

CREATE TABLE `category` (
  `cat_id` int(11) NOT NULL,
  `cat_name` varchar(255) NOT NULL,
  `title` varchar(50) DEFAULT NULL
) ENGINE=InnoDB DEFAULT CHARSET=utf8 COLLATE=utf8_unicode_ci;

--
-- Đang đổ dữ liệu cho bảng `category`
--

INSERT INTO `category` (`cat_id`, `cat_name`, `title`) VALUES
(1, 'iPhone', 'Điện thoại Iphone'),
(2, 'Samsung', 'Samsung'),
(7, 'OPPO', 'OPPO'),
(8, 'Xiaomi', 'Xiaomi'),
(9, 'Vivos', 'Vivos');

-- --------------------------------------------------------

--
-- Cấu trúc bảng cho bảng `comment`
--

CREATE TABLE `comment` (
  `comm_id` int(11) NOT NULL,
  `prd_id` int(11) NOT NULL,
  `comm_name` varchar(255) NOT NULL,
  `comm_mail` varchar(255) NOT NULL,
  `comm_date` datetime NOT NULL,
  `comm_details` text NOT NULL
) ENGINE=InnoDB DEFAULT CHARSET=utf8 COLLATE=utf8_unicode_ci;

--
-- Đang đổ dữ liệu cho bảng `comment`
--

INSERT INTO `comment` (`comm_id`, `prd_id`, `comm_name`, `comm_mail`, `comm_date`, `comm_details`) VALUES
(1, 1, 'Nguyễn Văn A', 'nguyenvana@gmail.com', '2018-12-12 20:59:56', 'Đây thực sự là một sản phẩm tuyệt vời'),
(2, 2, 'Nguyễn Văn b', 'nguyenvana@gmail.com', '2018-12-12 20:59:56', 'Đây thực sự là một sản phẩm tuyệt vời'),
(3, 3, 'Nguyễn Văn A', 'nguyenvana@gmail.com', '2018-12-12 20:59:56', 'Đây thực sự là một sản phẩm tuyệt vời'),
(4, 4, 'Nguyễn Văn A', 'nguyenvana@gmail.com', '2018-12-12 20:59:56', 'Đây thực sự là một sản phẩm tuyệt vời'),
(6, 6, 'Nguyễn Văn A', 'nguyenvana@gmail.com', '2018-12-12 20:59:56', 'Đây thực sự là một sản phẩm tuyệt vời'),
(7, 7, 'Nguyễn Văn A', 'nguyenvana@gmail.com', '2018-12-12 20:59:56', 'Đây thực sự là một sản phẩm tuyệt vời'),
(8, 8, 'Nguyễn Văn A', 'nguyenvana@gmail.com', '2018-12-12 20:59:56', 'Đây thực sự là một sản phẩm tuyệt vời'),
(9, 9, 'Nguyễn Văn A', 'nguyenvana@gmail.com', '2018-12-12 20:59:56', 'Đây thực sự là một sản phẩm tuyệt vời'),
(10, 10, 'Nguyễn Văn A', 'nguyenvana@gmail.com', '2018-12-12 20:59:56', 'Đây thực sự là một sản phẩm tuyệt vời'),
(11, 11, 'Nguyễn Văn A', 'nguyenvana@gmail.com', '2018-12-12 20:59:56', 'Đây thực sự là một sản phẩm tuyệt vời'),
(12, 12, 'Nguyễn Văn A', 'nguyenvana@gmail.com', '2018-12-12 20:59:56', 'Đây thực sự là một sản phẩm tuyệt vời'),
(13, 13, 'Nguyễn Văn A', 'nguyenvana@gmail.com', '2018-12-12 20:59:56', 'Đây thực sự là một sản phẩm tuyệt vời'),
(14, 14, 'Nguyễn Văn A', 'nguyenvana@gmail.com', '2018-12-12 20:59:56', 'Đây thực sự là một sản phẩm tuyệt vời'),
(15, 15, 'Nguyễn Văn A', 'nguyenvana@gmail.com', '2018-12-12 20:59:56', 'Đây thực sự là một sản phẩm tuyệt vời'),
(16, 16, 'Nguyễn Văn A', 'nguyenvana@gmail.com', '2018-12-12 20:59:56', 'Đây thực sự là một sản phẩm tuyệt vời'),
(17, 17, 'Nguyễn Văn A', 'nguyenvana@gmail.com', '2018-12-12 20:59:56', 'Đây thực sự là một sản phẩm tuyệt vời'),
(18, 18, 'Nguyễn Văn A', 'nguyenvana@gmail.com', '2018-12-12 20:59:56', 'Đây thực sự là một sản phẩm tuyệt vời'),
(19, 19, 'Nguyễn Văn A', 'nguyenvana@gmail.com', '2018-12-12 20:59:56', 'Đây thực sự là một sản phẩm tuyệt vời'),
(20, 20, 'Nguyễn Văn A', 'nguyenvana@gmail.com', '2018-12-12 20:59:56', 'Đây thực sự là một sản phẩm tuyệt vời'),
(21, 21, 'Nguyễn Văn A', 'nguyenvana@gmail.com', '2018-12-12 20:59:56', 'Đây thực sự là một sản phẩm tuyệt vời'),
(22, 22, 'Nguyễn Văn A', 'nguyenvana@gmail.com', '2018-12-12 20:59:56', 'Đây thực sự là một sản phẩm tuyệt vời'),
(23, 23, 'Nguyễn Văn A', 'nguyenvana@gmail.com', '2018-12-12 20:59:56', 'Đây thực sự là một sản phẩm tuyệt vời'),
(24, 24, 'Nguyễn Văn A', 'nguyenvana@gmail.com', '2018-12-12 20:59:56', 'Đây thực sự là một sản phẩm tuyệt vời'),
(25, 25, 'Nguyễn Văn A', 'nguyenvana@gmail.com', '2018-12-12 20:59:56', 'Đây thực sự là một sản phẩm tuyệt vời'),
(26, 26, 'Nguyễn Văn A', 'nguyenvana@gmail.com', '2018-12-12 20:59:56', 'Đây thực sự là một sản phẩm tuyệt vời'),
(27, 27, 'Nguyễn Văn A', 'nguyenvana@gmail.com', '2018-12-12 20:59:56', 'Đây thực sự là một sản phẩm tuyệt vời'),
(28, 28, 'Nguyễn Văn A', 'nguyenvana@gmail.com', '2018-12-12 20:59:56', 'Đây thực sự là một sản phẩm tuyệt vời'),
(29, 29, 'Nguyễn Văn A', 'nguyenvana@gmail.com', '2018-12-12 20:59:56', 'Đây thực sự là một sản phẩm tuyệt vời'),
(30, 30, 'Nguyễn Văn A', 'nguyenvana@gmail.com', '2018-12-12 20:59:56', 'Đây thực sự là một sản phẩm tuyệt vời');

-- --------------------------------------------------------

--
-- Cấu trúc bảng cho bảng `footer`
--

CREATE TABLE `footer` (
  `logo_footer` varchar(100) DEFAULT NULL,
  `conten_logo` text DEFAULT NULL,
  `adress` varchar(200) DEFAULT NULL,
  `content_address` text DEFAULT NULL,
  `service` varchar(200) DEFAULT NULL,
  `content_service` text DEFAULT NULL,
  `hotline` varchar(200) DEFAULT NULL,
  `content_hotline` text DEFAULT NULL,
  `id` int(11) NOT NULL
) ENGINE=InnoDB DEFAULT CHARSET=utf8mb4 COLLATE=utf8mb4_unicode_ci;

--
-- Đang đổ dữ liệu cho bảng `footer`
--

INSERT INTO `footer` (`logo_footer`, `conten_logo`, `adress`, `content_address`, `service`, `content_service`, `hotline`, `content_hotline`, `id`) VALUES
('mau-logo-phu-kien-dien-thoai-3.png', '<p>Vinacase l&agrave; hệ thống chuy&ecirc;n cung cấp điện thoại ch&iacute;nh h&atilde;ng của c&aacute;c thương hiệu lớn như Xiaomi, Iphone,Samsung Ch&uacute;ng t&ocirc;i sẽ li&ecirc;n tục cập nhật những sản phẩm mới nhất, chất lượng nhất, gi&uacute;p c&aacute;c bạn c&oacute; những trải nghiệm tuyệt vời!</p>\r\n', 'Địa chỉ', '<p>Ti&ecirc;n Lục - Lạng Giang - Bắc Giang</p>\r\n\r\n<p>Số 2, Nguyễn Cơ Thạnh, Mỹ Đ&igrave;nh 2, Nam Từ Li&ecirc;m, H&agrave; Nội</p>\r\n', 'Dịch vụ', '<p>Bảo h&agrave;nh rơi vỡ, ngấm nước Care Diamond</p>\r\n\r\n<p>Bảo h&agrave;nh Care X60 rơi vỡ ngấm nước vẫn Đổi mới</p>\r\n', 'Hotline', '<p>Phone Sale: (+84) 0352 860 701</p>\r\n\r\n<p>Email: vinacase@gmail.com</p>\r\n', 1);

-- --------------------------------------------------------

--
-- Cấu trúc bảng cho bảng `orders`
--

CREATE TABLE `orders` (
  `order_id` int(11) NOT NULL,
  `full_name` varchar(50) NOT NULL,
  `email` text NOT NULL,
  `address` varchar(255) NOT NULL,
  `phone_number` int(11) NOT NULL,
  `product_id` text NOT NULL,
  `total_product` text NOT NULL,
  `total_price` int(11) NOT NULL,
  `status` smallint(6) NOT NULL
) ENGINE=InnoDB DEFAULT CHARSET=utf8mb4 COLLATE=utf8mb4_general_ci;

--
-- Đang đổ dữ liệu cho bảng `orders`
--

INSERT INTO `orders` (`order_id`, `full_name`, `email`, `address`, `phone_number`, `product_id`, `total_product`, `total_price`, `status`) VALUES
(2, 'Nguyễn Quang Chiến', 'quangchienxt2001@gmail.com', 'Bắc Giang', 352860701, 'a:2:{i:0;i:11;i:1;i:21;}', 'a:2:{i:0;s:1:\"2\";i:1;i:1;}', 30000000, 1),
(3, 'Nguyễn Quang Chiến', 'quangchienxt2001@gmail.com', 'Bắc Giang', 352860701, 'a:2:{i:0;i:11;i:1;i:21;}', 'a:2:{i:0;s:1:\"2\";i:1;i:1;}', 30000000, 1);

-- --------------------------------------------------------

--
-- Cấu trúc bảng cho bảng `product`
--

CREATE TABLE `product` (
  `prd_id` int(11) NOT NULL,
  `cat_id` int(11) NOT NULL,
  `prd_name` varchar(255) NOT NULL,
  `prd_image` varchar(255) NOT NULL,
  `prd_price` int(11) UNSIGNED NOT NULL,
  `prd_warranty` varchar(255) NOT NULL,
  `prd_accessories` varchar(255) NOT NULL,
  `prd_new` varchar(255) NOT NULL,
  `prd_promotion` varchar(255) NOT NULL,
  `prd_status` int(1) NOT NULL,
  `prd_featured` int(1) NOT NULL,
  `prd_details` text NOT NULL,
  `prd_title` varchar(255) DEFAULT NULL
) ENGINE=InnoDB DEFAULT CHARSET=utf8 COLLATE=utf8_unicode_ci;

--
-- Đang đổ dữ liệu cho bảng `product`
--

INSERT INTO `product` (`prd_id`, `cat_id`, `prd_name`, `prd_image`, `prd_price`, `prd_warranty`, `prd_accessories`, `prd_new`, `prd_promotion`, `prd_status`, `prd_featured`, `prd_details`, `prd_title`) VALUES
(2, 1, 'iPhone X 256GB Silver Seedstock', 'iPhone-X-256GB-Silver-Seedstock.png', 10000000, '12 Tháng', 'Hộp, sách, sạc, cáp, tai nghe', 'Máy Mới 100%', 'Dán Màn Hình 4D', 1, 1, 'Sản phẩm này chúng tôi đang cập nhật nội dung chi tiết, các bạn có thể qua trực tiếp cửa hàng để xem sản phẩm, vì hàng chúng tôi luôn có sẵn.', NULL),
(3, 1, 'iPhone Xr 2 Sim 64GB Yellow', 'iPhone-Xr-2-Sim-64GB-Yellow.png', 10000000, '12 Tháng', 'Hộp, sách, sạc, cáp, tai nghe', 'Máy Mới 100%', 'Dán Màn Hình 4D', 1, 1, 'Sản phẩm này chúng tôi đang cập nhật nội dung chi tiết, các bạn có thể qua trực tiếp cửa hàng để xem sản phẩm, vì hàng chúng tôi luôn có sẵn.', NULL),
(4, 1, 'iPhone Xr 2 Sim 56GB Red', 'iPhone-Xr-2-Sim-256GB-Red.png', 10000000, '12 Tháng', 'Hộp, sách, sạc, cáp, tai nghe', 'Máy Mới 100%', 'Dán Màn Hình 4D', 1, 0, 'Sản phẩm này chúng tôi đang cập nhật nội dung chi tiết, các bạn có thể qua trực tiếp cửa hàng để xem sản phẩm, vì hàng chúng tôi luôn có sẵn.', NULL),
(5, 1, 'iPhone Xs 256GB Gold', 'iPhone-Xs-256GB-Gold.png', 10000000, '12 Tháng', 'Hộp, sách, sạc, cáp, tai nghe', 'Máy Mới 100%', 'Dán Màn Hình 4D', 0, 0, 'Sản phẩm này chúng tôi đang cập nhật nội dung chi tiết, các bạn có thể qua trực tiếp cửa hàng để xem sản phẩm, vì hàng chúng tôi luôn có sẵn.', NULL),
(6, 2, 'Samsung Galaxy A9 2018 Black', 'Samsung-Galaxy-A9-2018-Black.png', 10000000, '12 Tháng', 'Hộp, sách, sạc, cáp, tai nghe', 'Máy Mới 100%', 'Dán Màn Hình 4D', 1, 1, 'Sản phẩm này chúng tôi đang cập nhật nội dung chi tiết, các bạn có thể qua trực tiếp cửa hàng để xem sản phẩm, vì hàng chúng tôi luôn có sẵn.', NULL),
(7, 2, 'Samsung Galaxy J2 Core Gold', 'Samsung-Galaxy-J2-Core-Gold.png', 10000000, '12 Tháng', 'Hộp, sách, sạc, cáp, tai nghe', 'Máy Mới 100%', 'Dán Màn Hình 4D', 1, 1, 'Sản phẩm này chúng tôi đang cập nhật nội dung chi tiết, các bạn có thể qua trực tiếp cửa hàng để xem sản phẩm, vì hàng chúng tôi luôn có sẵn.', NULL),
(8, 2, 'Samsung Galaxy J4 Core Black', 'Samsung-Galaxy-J4-Core-Black.png', 10000000, '12 Tháng', 'Hộp, sách, sạc, cáp, tai nghe', 'Máy Mới 100%', 'Dán Màn Hình 4D', 1, 0, 'Sản phẩm này chúng tôi đang cập nhật nội dung chi tiết, các bạn có thể qua trực tiếp cửa hàng để xem sản phẩm, vì hàng chúng tôi luôn có sẵn.', NULL),
(9, 2, 'Samsung Galaxy S9 Plus 64GB Orchid Gray', 'Samsung-Galaxy-S9-Plus-64GB-Orchid-Gray.png', 10000000, '12 Tháng', 'Hộp, sách, sạc, cáp, tai nghe', 'Máy Mới 100%', 'Dán Màn Hình 4D', 1, 0, 'Sản phẩm này chúng tôi đang cập nhật nội dung chi tiết, các bạn có thể qua trực tiếp cửa hàng để xem sản phẩm, vì hàng chúng tôi luôn có sẵn.', NULL),
(10, 2, 'Samsung Galaxy S9 Plus Black 128GB', 'Samsung-Galaxy-S9-Plus-Black-128GB.png', 10000000, '12 Tháng', 'Hộp, sách, sạc, cáp, tai nghe', 'Máy Mới 100%', 'Dán Màn Hình 4D', 0, 0, 'Sản phẩm này chúng tôi đang cập nhật nội dung chi tiết, các bạn có thể qua trực tiếp cửa hàng để xem sản phẩm, vì hàng chúng tôi luôn có sẵn.', NULL),
(11, 4, 'Nokia 1 red', 'Nokia-1-red.png', 10000000, '12 Tháng', 'Hộp, sách, sạc, cáp, tai nghe', 'Máy Mới 100%', 'Dán Màn Hình 4D', 1, 1, 'Sản phẩm này chúng tôi đang cập nhật nội dung chi tiết, các bạn có thể qua trực tiếp cửa hàng để xem sản phẩm, vì hàng chúng tôi luôn có sẵn.', NULL),
(12, 4, 'Nokia 3.1 Black', 'Nokia-3.1-Black.png', 10000000, '12 Tháng', 'Hộp, sách, sạc, cáp, tai nghe', 'Máy Mới 100%', 'Dán Màn Hình 4D', 1, 0, 'Sản phẩm này chúng tôi đang cập nhật nội dung chi tiết, các bạn có thể qua trực tiếp cửa hàng để xem sản phẩm, vì hàng chúng tôi luôn có sẵn.', NULL),
(13, 4, 'Nokia 6.1 Plus Blue', 'Nokia-6.1-Plus-Blue.png', 10000000, '12 Tháng', 'Hộp, sách, sạc, cáp, tai nghe', 'Máy Mới 100%', 'Dán Màn Hình 4D', 1, 0, 'Sản phẩm này chúng tôi đang cập nhật nội dung chi tiết, các bạn có thể qua trực tiếp cửa hàng để xem sản phẩm, vì hàng chúng tôi luôn có sẵn.', NULL),
(14, 4, 'Nokia 6.1 Plus White', 'Nokia-6.1-Plus-White.png', 10000000, '12 Tháng', 'Hộp, sách, sạc, cáp, tai nghe', 'Máy Mới 100%', 'Dán Màn Hình 4D', 1, 0, 'Sản phẩm này chúng tôi đang cập nhật nội dung chi tiết, các bạn có thể qua trực tiếp cửa hàng để xem sản phẩm, vì hàng chúng tôi luôn có sẵn.', NULL),
(15, 4, 'Nokia 150 White', 'Nokia-150-White.png', 10000000, '12 Tháng', 'Hộp, sách, sạc, cáp, tai nghe', 'Máy Mới 100%', 'Dán Màn Hình 4D', 0, 0, 'Sản phẩm này chúng tôi đang cập nhật nội dung chi tiết, các bạn có thể qua trực tiếp cửa hàng để xem sản phẩm, vì hàng chúng tôi luôn có sẵn.', NULL),
(16, 7, 'OPPO A3s 16GB Red', 'OPPO-A3s–16GB-Red.png', 10000000, '12 Tháng', 'Hộp, sách, sạc, cáp, tai nghe', 'Máy Mới 100%', 'Dán Màn Hình 4D', 1, 1, 'Sản phẩm này chúng tôi đang cập nhật nội dung chi tiết, các bạn có thể qua trực tiếp cửa hàng để xem sản phẩm, vì hàng chúng tôi luôn có sẵn.', NULL),
(17, 7, 'OPPO A7 64GB Blue', 'OPPO-A7-64GB-Blue.png', 10000000, '12 Tháng', 'Hộp, sách, sạc, cáp, tai nghe', 'Máy Mới 100%', 'Dán Màn Hình 4D', 1, 0, 'Sản phẩm này chúng tôi đang cập nhật nội dung chi tiết, các bạn có thể qua trực tiếp cửa hàng để xem sản phẩm, vì hàng chúng tôi luôn có sẵn.', NULL),
(18, 7, 'OPPO F7 128GB Black', 'OPPO-F7-128GB-Black.png', 10000000, '12 Tháng', 'Hộp, sách, sạc, cáp, tai nghe', 'Máy Mới 100%', 'Dán Màn Hình 4D', 1, 0, 'Sản phẩm này chúng tôi đang cập nhật nội dung chi tiết, các bạn có thể qua trực tiếp cửa hàng để xem sản phẩm, vì hàng chúng tôi luôn có sẵn.', NULL),
(19, 7, 'OPPO F9 Sunrise Red', 'OPPO-F9-Sunrise-Red.png', 10000000, '12 Tháng', 'Hộp, sách, sạc, cáp, tai nghe', 'Máy Mới 100%', 'Dán Màn Hình 4D', 1, 0, 'Sản phẩm này chúng tôi đang cập nhật nội dung chi tiết, các bạn có thể qua trực tiếp cửa hàng để xem sản phẩm, vì hàng chúng tôi luôn có sẵn.', NULL),
(20, 7, 'OPPO R17 Pro Lavender', 'OPPO-R17-Pro-Lavender.png', 10000000, '12 Tháng', 'Hộp, sách, sạc, cáp, tai nghe', 'Máy Mới 100%', 'Dán Màn Hình 4D', 0, 0, 'Sản phẩm này chúng tôi đang cập nhật nội dung chi tiết, các bạn có thể qua trực tiếp cửa hàng để xem sản phẩm, vì hàng chúng tôi luôn có sẵn.', NULL),
(21, 8, 'Xiaomi Mi 8 Pro Black', 'Xiaomi-Mi-8-Pro-Black.png', 10000000, '12 Tháng', 'Hộp, sách, sạc, cáp, tai nghe', 'Máy Mới 100%', 'Dán Màn Hình 4D', 1, 1, 'Sản phẩm này chúng tôi đang cập nhật nội dung chi tiết, các bạn có thể qua trực tiếp cửa hàng để xem sản phẩm, vì hàng chúng tôi luôn có sẵn.', NULL),
(22, 8, 'Xiaomi Mi A1 Black', 'Xiaomi-Mi-A1-Black.png', 10000000, '12 Tháng', 'Hộp, sách, sạc, cáp, tai nghe', 'Máy Mới 100%', 'Dán Màn Hình 4D', 1, 0, 'Sản phẩm này chúng tôi đang cập nhật nội dung chi tiết, các bạn có thể qua trực tiếp cửa hàng để xem sản phẩm, vì hàng chúng tôi luôn có sẵn.', NULL),
(23, 8, 'Xiaomi Mi A1 Gold', 'Xiaomi-Mi-A1-Gold.png', 10000000, '12 Tháng', 'Hộp, sách, sạc, cáp, tai nghe', 'Máy Mới 100%', 'Dán Màn Hình 4D', 1, 0, 'Sản phẩm này chúng tôi đang cập nhật nội dung chi tiết, các bạn có thể qua trực tiếp cửa hàng để xem sản phẩm, vì hàng chúng tôi luôn có sẵn.', NULL),
(24, 8, 'Xiaomi Mi Max 3 Ram 4 64GB-Black', 'Xiaomi-Mi-Max-3-Ram-4–64GB-Black.png', 10000000, '12 Tháng', 'Hộp, sách, sạc, cáp, tai nghe', 'Máy Mới 100%', 'Dán Màn Hình 4D', 1, 0, 'Sản phẩm này chúng tôi đang cập nhật nội dung chi tiết, các bạn có thể qua trực tiếp cửa hàng để xem sản phẩm, vì hàng chúng tôi luôn có sẵn.', NULL),
(25, 8, 'Xiaomi Redmi Note 6 Pro 32GB Blue', 'Xiaomi-Redmi-Note-6-Pro–32GB-Blue.png', 10000000, '12 Tháng', 'Hộp, sách, sạc, cáp, tai nghe', 'Máy Mới 100%', 'Dán Màn Hình 4D', 0, 0, 'Sản phẩm này chúng tôi đang cập nhật nội dung chi tiết, các bạn có thể qua trực tiếp cửa hàng để xem sản phẩm, vì hàng chúng tôi luôn có sẵn.', NULL),
(26, 9, 'Vivo V7 Gold', 'Vivo-V7-Gold.png', 10000000, '12 Tháng', 'Hộp, sách, sạc, cáp, tai nghe', 'Máy Mới 100%', 'Dán Màn Hình 4D', 1, 1, 'Sản phẩm này chúng tôi đang cập nhật nội dung chi tiết, các bạn có thể qua trực tiếp cửa hàng để xem sản phẩm, vì hàng chúng tôi luôn có sẵn.', NULL),
(27, 9, 'Vivo V9 Gold', 'Vivo-V9-Gold.png', 10000000, '12 Tháng', 'Hộp, sách, sạc, cáp, tai nghe', 'Máy Mới 100%', 'Dán Màn Hình 4D', 1, 0, 'Sản phẩm này chúng tôi đang cập nhật nội dung chi tiết, các bạn có thể qua trực tiếp cửa hàng để xem sản phẩm, vì hàng chúng tôi luôn có sẵn.', NULL),
(28, 9, 'Vivo Y53C Gold', 'Vivo-Y53C-Gold.png', 10000000, '12 Tháng', 'Hộp, sách, sạc, cáp, tai nghe', 'Máy Mới 100%', 'Dán Màn Hình 4D', 1, 0, 'Sản phẩm này chúng tôi đang cập nhật nội dung chi tiết, các bạn có thể qua trực tiếp cửa hàng để xem sản phẩm, vì hàng chúng tôi luôn có sẵn.', NULL),
(29, 9, 'Vivo Y69 Gold', 'Vivo-Y69-Gold.png', 10000000, '12 Tháng', 'Hộp, sách, sạc, cáp, tai nghe', 'Máy Mới 100%', 'Dán Màn Hình 4D', 1, 0, 'Sản phẩm này chúng tôi đang cập nhật nội dung chi tiết, các bạn có thể qua trực tiếp cửa hàng để xem sản phẩm, vì hàng chúng tôi luôn có sẵn.', NULL),
(30, 9, 'Vivo Y81i Red', 'Vivo-Y81i-Red.png', 10000000, '12 Tháng', 'Hộp, sách, sạc, cáp, tai nghe', 'Máy Mới 100%', 'Dán Màn Hình 4D', 1, 0, 'Sản phẩm này chúng tôi đang cập nhật nội dung chi tiết, các bạn có thể qua trực tiếp cửa hàng để xem sản phẩm, vì hàng chúng tôi luôn có sẵn.', '');

-- --------------------------------------------------------

--
-- Cấu trúc bảng cho bảng `setting`
--

CREATE TABLE `setting` (
  `id` int(11) NOT NULL,
  `logo_web` text NOT NULL,
  `number_comment` int(11) NOT NULL,
  `number_product` int(11) NOT NULL
) ENGINE=InnoDB DEFAULT CHARSET=utf8mb4 COLLATE=utf8mb4_general_ci;

--
-- Đang đổ dữ liệu cho bảng `setting`
--

INSERT INTO `setting` (`id`, `logo_web`, `number_comment`, `number_product`) VALUES
(4, 'mau-logo-phu-kien-dien-thoai-3.png', 5, 5);

-- --------------------------------------------------------

--
-- Cấu trúc bảng cho bảng `title`
--

CREATE TABLE `title` (
  `id` int(11) NOT NULL,
  `trang_chu` varchar(50) NOT NULL,
  `search` varchar(50) NOT NULL,
  `cart` varchar(50) NOT NULL,
  `success` varchar(50) NOT NULL
) ENGINE=InnoDB DEFAULT CHARSET=utf8mb4 COLLATE=utf8mb4_general_ci;

--
-- Đang đổ dữ liệu cho bảng `title`
--

INSERT INTO `title` (`id`, `trang_chu`, `search`, `cart`, `success`) VALUES
(1, 'Trang chủ', 'Tìm kiếm', 'Giỏ hàng', 'Đặt hàng thành công');

-- --------------------------------------------------------

--
-- Cấu trúc bảng cho bảng `user`
--

CREATE TABLE `user` (
  `user_id` int(11) NOT NULL,
  `user_full` varchar(255) NOT NULL,
  `user_mail` varchar(255) NOT NULL,
  `user_pass` varchar(255) NOT NULL,
  `user_level` int(1) NOT NULL
) ENGINE=InnoDB DEFAULT CHARSET=utf8 COLLATE=utf8_unicode_ci;

--
-- Đang đổ dữ liệu cho bảng `user`
--

INSERT INTO `user` (`user_id`, `user_full`, `user_mail`, `user_pass`, `user_level`) VALUES
(2, 'Administrator1', 'admin@gmail.com', '123456', 1),
(92, 'Nguyễn Quang Chiến', 'quangchienxt2001@gmail.com', '12345678', 2);

--
-- Chỉ mục cho các bảng đã đổ
--

--
-- Chỉ mục cho bảng `category`
--
ALTER TABLE `category`
  ADD PRIMARY KEY (`cat_id`),
  ADD UNIQUE KEY `cat_name` (`cat_name`);

--
-- Chỉ mục cho bảng `comment`
--
ALTER TABLE `comment`
  ADD PRIMARY KEY (`comm_id`);

--
-- Chỉ mục cho bảng `footer`
--
ALTER TABLE `footer`
  ADD PRIMARY KEY (`id`);

--
-- Chỉ mục cho bảng `orders`
--
ALTER TABLE `orders`
  ADD PRIMARY KEY (`order_id`);

--
-- Chỉ mục cho bảng `product`
--
ALTER TABLE `product`
  ADD PRIMARY KEY (`prd_id`);

--
-- Chỉ mục cho bảng `setting`
--
ALTER TABLE `setting`
  ADD PRIMARY KEY (`id`);

--
-- Chỉ mục cho bảng `title`
--
ALTER TABLE `title`
  ADD PRIMARY KEY (`id`);

--
-- Chỉ mục cho bảng `user`
--
ALTER TABLE `user`
  ADD PRIMARY KEY (`user_id`),
  ADD UNIQUE KEY `user_mail` (`user_mail`);

--
-- AUTO_INCREMENT cho các bảng đã đổ
--

--
-- AUTO_INCREMENT cho bảng `category`
--
ALTER TABLE `category`
  MODIFY `cat_id` int(11) NOT NULL AUTO_INCREMENT, AUTO_INCREMENT=22;

--
-- AUTO_INCREMENT cho bảng `comment`
--
ALTER TABLE `comment`
  MODIFY `comm_id` int(11) NOT NULL AUTO_INCREMENT, AUTO_INCREMENT=207;

--
-- AUTO_INCREMENT cho bảng `footer`
--
ALTER TABLE `footer`
  MODIFY `id` int(11) NOT NULL AUTO_INCREMENT, AUTO_INCREMENT=2;

--
-- AUTO_INCREMENT cho bảng `orders`
--
ALTER TABLE `orders`
  MODIFY `order_id` int(11) NOT NULL AUTO_INCREMENT, AUTO_INCREMENT=10;

--
-- AUTO_INCREMENT cho bảng `product`
--
ALTER TABLE `product`
  MODIFY `prd_id` int(11) NOT NULL AUTO_INCREMENT, AUTO_INCREMENT=119;

--
-- AUTO_INCREMENT cho bảng `setting`
--
ALTER TABLE `setting`
  MODIFY `id` int(11) NOT NULL AUTO_INCREMENT, AUTO_INCREMENT=5;

--
-- AUTO_INCREMENT cho bảng `title`
--
ALTER TABLE `title`
  MODIFY `id` int(11) NOT NULL AUTO_INCREMENT, AUTO_INCREMENT=2;

--
-- AUTO_INCREMENT cho bảng `user`
--
ALTER TABLE `user`
  MODIFY `user_id` int(11) NOT NULL AUTO_INCREMENT, AUTO_INCREMENT=93;
COMMIT;

/*!40101 SET CHARACTER_SET_CLIENT=@OLD_CHARACTER_SET_CLIENT */;
/*!40101 SET CHARACTER_SET_RESULTS=@OLD_CHARACTER_SET_RESULTS */;
/*!40101 SET COLLATION_CONNECTION=@OLD_COLLATION_CONNECTION */;
